{
  "openapi": "3.0.1",
  "info": {
    "title": "PartnersAPI",
    "description": "Partners API.",
    "contact": {
      "name": "sukhanov.v@bookcentre.ru",
      "email": "sukhanov.v@bookcentre.ru"
    },
    "version": "3.0"
  },
  "servers": [
    {
      "url": "/partners"
    }
  ],
  "paths": {
    "/api/v3/Ors/basepartners": {
      "get": {
        "tags": [
          "Ors"
        ],
        "summary": "Получение полного списка партнеров с базовым набором полей",
        "operationId": "basepartners",
        "responses": {
          "200": {
            "description": "Коллекция партнеров с базовым набором полей",
            "content": {
              "application/json": {
                "schema": {
                  "type": "array",
                  "items": {
                    "$ref": "#/components/schemas/DTOPartner"
                  }
                }
              }
            }
          },
          "400": {
            "description": "Некорректный запрос",
            "content": {
              "text/plain": {
                "schema": {
                  "$ref": "#/components/schemas/ProblemDetails"
                }
              },
              "application/json": {
                "schema": {
                  "$ref": "#/components/schemas/ProblemDetails"
                }
              },
              "text/json": {
                "schema": {
                  "$ref": "#/components/schemas/ProblemDetails"
                }
              }
            }
          },
          "401": {
            "description": "Ошибка авторизации",
            "content": {
              "text/plain": {
                "schema": {
                  "$ref": "#/components/schemas/ProblemDetails"
                }
              },
              "application/json": {
                "schema": {
                  "$ref": "#/components/schemas/ProblemDetails"
                }
              },
              "text/json": {
                "schema": {
                  "$ref": "#/components/schemas/ProblemDetails"
                }
              }
            }
          },
          "500": {
            "description": "Внутренняя ошибка сервера"
          }
        }
      }
    },
    "/api/v3/Ors/basecollection": {
      "post": {
        "tags": [
          "Ors"
        ],
        "summary": "Получение коллекции партнеров с базовым набором полей по коллекции pt_id",
        "operationId": "basecollection",
        "requestBody": {
          "description": "Список Id партнеров, разделенных запятыми",
          "content": {
            "application/json-patch+json": {
              "schema": {
                "type": "array",
                "items": {
                  "type": "integer",
                  "format": "int32"
                }
              }
            },
            "application/json": {
              "schema": {
                "type": "array",
                "items": {
                  "type": "integer",
                  "format": "int32"
                }
              }
            },
            "text/json": {
              "schema": {
                "type": "array",
                "items": {
                  "type": "integer",
                  "format": "int32"
                }
              }
            },
            "application/*+json": {
              "schema": {
                "type": "array",
                "items": {
                  "type": "integer",
                  "format": "int32"
                }
              }
            }
          }
        },
        "responses": {
          "200": {
            "description": "Коллекция партнеров с базовым набором полей",
            "content": {
              "application/json": {
                "schema": {
                  "type": "array",
                  "items": {
                    "$ref": "#/components/schemas/DTOPartner"
                  }
                }
              }
            }
          },
          "400": {
            "description": "Некорректный запрос",
            "content": {
              "text/plain": {
                "schema": {
                  "$ref": "#/components/schemas/ProblemDetails"
                }
              },
              "application/json": {
                "schema": {
                  "$ref": "#/components/schemas/ProblemDetails"
                }
              },
              "text/json": {
                "schema": {
                  "$ref": "#/components/schemas/ProblemDetails"
                }
              }
            }
          },
          "401": {
            "description": "Ошибка авторизации",
            "content": {
              "text/plain": {
                "schema": {
                  "$ref": "#/components/schemas/ProblemDetails"
                }
              },
              "application/json": {
                "schema": {
                  "$ref": "#/components/schemas/ProblemDetails"
                }
              },
              "text/json": {
                "schema": {
                  "$ref": "#/components/schemas/ProblemDetails"
                }
              }
            }
          },
          "500": {
            "description": "Внутренняя ошибка сервера"
          }
        }
      }
    },
    "/api/v3/Ors/extpartners": {
      "get": {
        "tags": [
          "Ors"
        ],
        "summary": "Получение полного списка партнеров с расширенным набором полей",
        "operationId": "extpartners",
        "responses": {
          "200": {
            "description": "Коллекция партнеров с расширенным набором полей",
            "content": {
              "application/json": {
                "schema": {
                  "type": "array",
                  "items": {
                    "$ref": "#/components/schemas/DTOPartnerFullInfo"
                  }
                }
              }
            }
          },
          "400": {
            "description": "Некорректный запрос",
            "content": {
              "text/plain": {
                "schema": {
                  "$ref": "#/components/schemas/ProblemDetails"
                }
              },
              "application/json": {
                "schema": {
                  "$ref": "#/components/schemas/ProblemDetails"
                }
              },
              "text/json": {
                "schema": {
                  "$ref": "#/components/schemas/ProblemDetails"
                }
              }
            }
          },
          "401": {
            "description": "Ошибка авторизации",
            "content": {
              "text/plain": {
                "schema": {
                  "$ref": "#/components/schemas/ProblemDetails"
                }
              },
              "application/json": {
                "schema": {
                  "$ref": "#/components/schemas/ProblemDetails"
                }
              },
              "text/json": {
                "schema": {
                  "$ref": "#/components/schemas/ProblemDetails"
                }
              }
            }
          },
          "500": {
            "description": "Внутренняя ошибка сервера"
          }
        }
      }
    },
    "/api/v3/Ors/extcollection": {
      "post": {
        "tags": [
          "Ors"
        ],
        "summary": "Получение коллекции партнеров с расширенным набором полей по коллекции pt_id",
        "operationId": "extcollection",
        "requestBody": {
          "description": "Список Id партнеров, разделенных запятыми",
          "content": {
            "application/json-patch+json": {
              "schema": {
                "type": "array",
                "items": {
                  "type": "integer",
                  "format": "int32"
                }
              }
            },
            "application/json": {
              "schema": {
                "type": "array",
                "items": {
                  "type": "integer",
                  "format": "int32"
                }
              }
            },
            "text/json": {
              "schema": {
                "type": "array",
                "items": {
                  "type": "integer",
                  "format": "int32"
                }
              }
            },
            "application/*+json": {
              "schema": {
                "type": "array",
                "items": {
                  "type": "integer",
                  "format": "int32"
                }
              }
            }
          }
        },
        "responses": {
          "200": {
            "description": "Коллекция партнеров с расширенным набором полей",
            "content": {
              "application/json": {
                "schema": {
                  "type": "array",
                  "items": {
                    "$ref": "#/components/schemas/DTOPartnerFullInfo"
                  }
                }
              }
            }
          },
          "400": {
            "description": "Некорректный запрос",
            "content": {
              "text/plain": {
                "schema": {
                  "$ref": "#/components/schemas/ProblemDetails"
                }
              },
              "application/json": {
                "schema": {
                  "$ref": "#/components/schemas/ProblemDetails"
                }
              },
              "text/json": {
                "schema": {
                  "$ref": "#/components/schemas/ProblemDetails"
                }
              }
            }
          },
          "401": {
            "description": "Ошибка авторизации",
            "content": {
              "text/plain": {
                "schema": {
                  "$ref": "#/components/schemas/ProblemDetails"
                }
              },
              "application/json": {
                "schema": {
                  "$ref": "#/components/schemas/ProblemDetails"
                }
              },
              "text/json": {
                "schema": {
                  "$ref": "#/components/schemas/ProblemDetails"
                }
              }
            }
          },
          "500": {
            "description": "Внутренняя ошибка сервера"
          }
        }
      }
    },
    "/api/v3/Ors/basepartnersInUse": {
      "get": {
        "tags": [
          "Ors"
        ],
        "summary": "Получение полного списка действующих магазинов с базовым набором полей",
        "operationId": "basepartnersInUse",
        "responses": {
          "200": {
            "description": "Коллекция действующих магазинов с базовым набором полей",
            "content": {
              "application/json": {
                "schema": {
                  "type": "array",
                  "items": {
                    "$ref": "#/components/schemas/DTOPartner"
                  }
                }
              }
            }
          },
          "400": {
            "description": "Некорректный запрос",
            "content": {
              "text/plain": {
                "schema": {
                  "$ref": "#/components/schemas/ProblemDetails"
                }
              },
              "application/json": {
                "schema": {
                  "$ref": "#/components/schemas/ProblemDetails"
                }
              },
              "text/json": {
                "schema": {
                  "$ref": "#/components/schemas/ProblemDetails"
                }
              }
            }
          },
          "401": {
            "description": "Ошибка авторизации",
            "content": {
              "text/plain": {
                "schema": {
                  "$ref": "#/components/schemas/ProblemDetails"
                }
              },
              "application/json": {
                "schema": {
                  "$ref": "#/components/schemas/ProblemDetails"
                }
              },
              "text/json": {
                "schema": {
                  "$ref": "#/components/schemas/ProblemDetails"
                }
              }
            }
          },
          "500": {
            "description": "Внутренняя ошибка сервера"
          }
        }
      }
    },
    "/api/v3/Ors/extpartnersInUse": {
      "get": {
        "tags": [
          "Ors"
        ],
        "summary": "Получение полного списка действующих магазинов с расширенным набором полей",
        "operationId": "extpartnersinuse",
        "responses": {
          "200": {
            "description": "Коллекция действующих магазинов с расширенным набором полей",
            "content": {
              "application/json": {
                "schema": {
                  "type": "array",
                  "items": {
                    "$ref": "#/components/schemas/DTOPartnerFullInfo"
                  }
                }
              }
            }
          },
          "400": {
            "description": "Некорректный запрос",
            "content": {
              "text/plain": {
                "schema": {
                  "$ref": "#/components/schemas/ProblemDetails"
                }
              },
              "application/json": {
                "schema": {
                  "$ref": "#/components/schemas/ProblemDetails"
                }
              },
              "text/json": {
                "schema": {
                  "$ref": "#/components/schemas/ProblemDetails"
                }
              }
            }
          },
          "401": {
            "description": "Ошибка авторизации",
            "content": {
              "text/plain": {
                "schema": {
                  "$ref": "#/components/schemas/ProblemDetails"
                }
              },
              "application/json": {
                "schema": {
                  "$ref": "#/components/schemas/ProblemDetails"
                }
              },
              "text/json": {
                "schema": {
                  "$ref": "#/components/schemas/ProblemDetails"
                }
              }
            }
          },
          "500": {
            "description": "Внутренняя ошибка сервера"
          }
        }
      }
    },
    "/api/v3/Ors/info": {
      "get": {
        "tags": [
          "Ors"
        ],
        "summary": "Получение единственного партнера с базовым набором полей по заданному pt_id",
        "operationId": "info",
        "parameters": [
          {
            "name": "pt_id",
            "in": "query",
            "description": "Id партнера",
            "schema": {
              "type": "integer",
              "format": "int32"
            }
          }
        ],
        "responses": {
          "200": {
            "description": "Объект партнера с базовым набором полей",
            "content": {
              "application/json": {
                "schema": {
                  "$ref": "#/components/schemas/DTOPartner"
                }
              }
            }
          },
          "400": {
            "description": "Некорректный запрос",
            "content": {
              "text/plain": {
                "schema": {
                  "$ref": "#/components/schemas/ProblemDetails"
                }
              },
              "application/json": {
                "schema": {
                  "$ref": "#/components/schemas/ProblemDetails"
                }
              },
              "text/json": {
                "schema": {
                  "$ref": "#/components/schemas/ProblemDetails"
                }
              }
            }
          },
          "401": {
            "description": "Ошибка авторизации",
            "content": {
              "text/plain": {
                "schema": {
                  "$ref": "#/components/schemas/ProblemDetails"
                }
              },
              "application/json": {
                "schema": {
                  "$ref": "#/components/schemas/ProblemDetails"
                }
              },
              "text/json": {
                "schema": {
                  "$ref": "#/components/schemas/ProblemDetails"
                }
              }
            }
          },
          "500": {
            "description": "Внутренняя ошибка сервера"
          }
        }
      }
    },
    "/api/v3/Ors/fullinfo": {
      "get": {
        "tags": [
          "Ors"
        ],
        "summary": "Получение единственного партнера с расширенным набором полей по заданному pt_id",
        "operationId": "fullinfo",
        "parameters": [
          {
            "name": "pt_id",
            "in": "query",
            "description": "Id партнера",
            "schema": {
              "type": "integer",
              "format": "int32"
            }
          }
        ],
        "responses": {
          "200": {
            "description": "Объект партнера с расширенным набором полей",
            "content": {
              "application/json": {
                "schema": {
                  "$ref": "#/components/schemas/DTOPartnerFullInfo"
                }
              }
            }
          },
          "400": {
            "description": "Некорректный запрос",
            "content": {
              "text/plain": {
                "schema": {
                  "$ref": "#/components/schemas/ProblemDetails"
                }
              },
              "application/json": {
                "schema": {
                  "$ref": "#/components/schemas/ProblemDetails"
                }
              },
              "text/json": {
                "schema": {
                  "$ref": "#/components/schemas/ProblemDetails"
                }
              }
            }
          },
          "401": {
            "description": "Ошибка авторизации",
            "content": {
              "text/plain": {
                "schema": {
                  "$ref": "#/components/schemas/ProblemDetails"
                }
              },
              "application/json": {
                "schema": {
                  "$ref": "#/components/schemas/ProblemDetails"
                }
              },
              "text/json": {
                "schema": {
                  "$ref": "#/components/schemas/ProblemDetails"
                }
              }
            }
          },
          "500": {
            "description": "Внутренняя ошибка сервера"
          }
        }
      }
    },
    "/api/v3/Ors/metacities": {
      "get": {
        "tags": [
          "Ors"
        ],
        "summary": "Получение списка городов - областных центров(Metacity)",
        "operationId": "metacities",
        "responses": {
          "200": {
            "description": "Список городов - областных центров(Metacity)",
            "content": {
              "application/json": {
                "schema": {
                  "type": "array",
                  "items": {
                    "$ref": "#/components/schemas/DTOMetacity"
                  }
                }
              }
            }
          },
          "400": {
            "description": "Некорректный запрос",
            "content": {
              "text/plain": {
                "schema": {
                  "$ref": "#/components/schemas/ProblemDetails"
                }
              },
              "application/json": {
                "schema": {
                  "$ref": "#/components/schemas/ProblemDetails"
                }
              },
              "text/json": {
                "schema": {
                  "$ref": "#/components/schemas/ProblemDetails"
                }
              }
            }
          },
          "401": {
            "description": "Ошибка авторизации",
            "content": {
              "text/plain": {
                "schema": {
                  "$ref": "#/components/schemas/ProblemDetails"
                }
              },
              "application/json": {
                "schema": {
                  "$ref": "#/components/schemas/ProblemDetails"
                }
              },
              "text/json": {
                "schema": {
                  "$ref": "#/components/schemas/ProblemDetails"
                }
              }
            }
          },
          "500": {
            "description": "Внутренняя ошибка сервера"
          }
        }
      }
    },
    "/api/v3/Ors/partnergroups": {
      "get": {
        "tags": [
          "Ors"
        ],
        "summary": "Получение списка городов - групп партнеров (PartnerGroups)",
        "operationId": "partnergroups",
        "responses": {
          "200": {
            "description": "Список городов - групп партнеров (PartnerGroups)",
            "content": {
              "application/json": {
                "schema": {
                  "type": "array",
                  "items": {
                    "$ref": "#/components/schemas/DTOPartnerGroup"
                  }
                }
              }
            }
          },
          "400": {
            "description": "Некорректный запрос",
            "content": {
              "text/plain": {
                "schema": {
                  "$ref": "#/components/schemas/ProblemDetails"
                }
              },
              "application/json": {
                "schema": {
                  "$ref": "#/components/schemas/ProblemDetails"
                }
              },
              "text/json": {
                "schema": {
                  "$ref": "#/components/schemas/ProblemDetails"
                }
              }
            }
          },
          "401": {
            "description": "Ошибка авторизации",
            "content": {
              "text/plain": {
                "schema": {
                  "$ref": "#/components/schemas/ProblemDetails"
                }
              },
              "application/json": {
                "schema": {
                  "$ref": "#/components/schemas/ProblemDetails"
                }
              },
              "text/json": {
                "schema": {
                  "$ref": "#/components/schemas/ProblemDetails"
                }
              }
            }
          },
          "500": {
            "description": "Внутренняя ошибка сервера"
          }
        }
      }
    },
    "/api/v3/Ors/updatemail": {
      "post": {
        "tags": [
          "Ors"
        ],
        "summary": "Внесение изменений в адрес Email у партнера",
        "operationId": "updatemail",
        "requestBody": {
          "description": "Объект с параметрами изменений",
          "content": {
            "application/json-patch+json": {
              "schema": {
                "allOf": [
                  {
                    "$ref": "#/components/schemas/DTOEmail"
                  }
                ],
                "description": "Параметры изменения email-адреса магазина"
              }
            },
            "application/json": {
              "schema": {
                "allOf": [
                  {
                    "$ref": "#/components/schemas/DTOEmail"
                  }
                ],
                "description": "Параметры изменения email-адреса магазина"
              }
            },
            "text/json": {
              "schema": {
                "allOf": [
                  {
                    "$ref": "#/components/schemas/DTOEmail"
                  }
                ],
                "description": "Параметры изменения email-адреса магазина"
              }
            },
            "application/*+json": {
              "schema": {
                "allOf": [
                  {
                    "$ref": "#/components/schemas/DTOEmail"
                  }
                ],
                "description": "Параметры изменения email-адреса магазина"
              }
            }
          }
        },
        "responses": {
          "200": {
            "description": "Изменения успешно внесены"
          },
          "400": {
            "description": "Некорректный запрос",
            "content": {
              "text/plain": {
                "schema": {
                  "$ref": "#/components/schemas/ProblemDetails"
                }
              },
              "application/json": {
                "schema": {
                  "$ref": "#/components/schemas/ProblemDetails"
                }
              },
              "text/json": {
                "schema": {
                  "$ref": "#/components/schemas/ProblemDetails"
                }
              }
            }
          },
          "401": {
            "description": "Ошибка авторизации",
            "content": {
              "text/plain": {
                "schema": {
                  "$ref": "#/components/schemas/ProblemDetails"
                }
              },
              "application/json": {
                "schema": {
                  "$ref": "#/components/schemas/ProblemDetails"
                }
              },
              "text/json": {
                "schema": {
                  "$ref": "#/components/schemas/ProblemDetails"
                }
              }
            }
          },
          "500": {
            "description": "Внутренняя ошибка сервера"
          }
        }
      }
    },
    "/api/v3/Ors/branches": {
      "post": {
        "tags": [
          "Ors"
        ],
        "summary": "Получение коллекции филиалов по коллекции id",
        "operationId": "branches",
        "requestBody": {
          "description": "Список Id филиалов, разделенных запятыми",
          "content": {
            "application/json-patch+json": {
              "schema": {
                "type": "array",
                "items": {
                  "type": "integer",
                  "format": "int32"
                }
              }
            },
            "application/json": {
              "schema": {
                "type": "array",
                "items": {
                  "type": "integer",
                  "format": "int32"
                }
              }
            },
            "text/json": {
              "schema": {
                "type": "array",
                "items": {
                  "type": "integer",
                  "format": "int32"
                }
              }
            },
            "application/*+json": {
              "schema": {
                "type": "array",
                "items": {
                  "type": "integer",
                  "format": "int32"
                }
              }
            }
          }
        },
        "responses": {
          "200": {
            "description": "Коллекция партнеров с базовым набором полей",
            "content": {
              "application/json": {
                "schema": {
                  "type": "array",
                  "items": {
                    "$ref": "#/components/schemas/DTOBranchInfo"
                  }
                }
              }
            }
          },
          "400": {
            "description": "Некорректный запрос",
            "content": {
              "text/plain": {
                "schema": {
                  "$ref": "#/components/schemas/ProblemDetails"
                }
              },
              "application/json": {
                "schema": {
                  "$ref": "#/components/schemas/ProblemDetails"
                }
              },
              "text/json": {
                "schema": {
                  "$ref": "#/components/schemas/ProblemDetails"
                }
              }
            }
          },
          "401": {
            "description": "Ошибка авторизации",
            "content": {
              "text/plain": {
                "schema": {
                  "$ref": "#/components/schemas/ProblemDetails"
                }
              },
              "application/json": {
                "schema": {
                  "$ref": "#/components/schemas/ProblemDetails"
                }
              },
              "text/json": {
                "schema": {
                  "$ref": "#/components/schemas/ProblemDetails"
                }
              }
            }
          },
          "500": {
            "description": "Внутренняя ошибка сервера"
          }
        }
      }
    },
    "/api/v3/Prices/GetActualPrice": {
      "get": {
        "tags": [
          "Prices"
        ],
        "summary": "Получение актуальной цены товара в выбранном магазине",
        "operationId": "GetActualPrice",
        "parameters": [
          {
            "name": "pt_id",
            "in": "query",
            "description": "Pt_id магазина",
            "schema": {
              "type": "integer",
              "format": "int32"
            }
          },
          {
            "name": "book_id",
            "in": "query",
            "description": "BookId товара",
            "schema": {
              "type": "integer",
              "format": "int32"
            }
          }
        ],
        "responses": {
          "200": {
            "description": "Объект с актуальной ценой и названием товара в выбранном магазине",
            "content": {
              "application/json": {
                "schema": {
                  "$ref": "#/components/schemas/DTOProductPrice"
                }
              }
            }
          },
          "400": {
            "description": "Некорректный запрос",
            "content": {
              "text/plain": {
                "schema": {
                  "$ref": "#/components/schemas/ProblemDetails"
                }
              },
              "application/json": {
                "schema": {
                  "$ref": "#/components/schemas/ProblemDetails"
                }
              },
              "text/json": {
                "schema": {
                  "$ref": "#/components/schemas/ProblemDetails"
                }
              }
            }
          },
          "401": {
            "description": "Ошибка авторизации",
            "content": {
              "text/plain": {
                "schema": {
                  "$ref": "#/components/schemas/ProblemDetails"
                }
              },
              "application/json": {
                "schema": {
                  "$ref": "#/components/schemas/ProblemDetails"
                }
              },
              "text/json": {
                "schema": {
                  "$ref": "#/components/schemas/ProblemDetails"
                }
              }
            }
          },
          "500": {
            "description": "Внутренняя ошибка сервера"
          }
        }
      }
    },
    "/api/v3/Prices/GetActualPriceAndSales": {
      "get": {
        "tags": [
          "Prices"
        ],
        "summary": "Получение актуальных цен товара и продаж в выбранном магазине",
        "operationId": "GetActualPriceAndSales",
        "parameters": [
          {
            "name": "pt_id",
            "in": "query",
            "description": "Pt_id магазина",
            "schema": {
              "type": "integer",
              "format": "int32"
            }
          },
          {
            "name": "book_id",
            "in": "query",
            "description": "BookId товара",
            "schema": {
              "type": "integer",
              "format": "int32"
            }
          }
        ],
        "responses": {
          "200": {
            "description": "Объект с актуальными ценами, продажами и названием товара в выбранном магазине",
            "content": {
              "application/json": {
                "schema": {
                  "$ref": "#/components/schemas/DTOProductPriceAndSales"
                }
              }
            }
          },
          "400": {
            "description": "Некорректный запрос",
            "content": {
              "text/plain": {
                "schema": {
                  "$ref": "#/components/schemas/ProblemDetails"
                }
              },
              "application/json": {
                "schema": {
                  "$ref": "#/components/schemas/ProblemDetails"
                }
              },
              "text/json": {
                "schema": {
                  "$ref": "#/components/schemas/ProblemDetails"
                }
              }
            }
          },
          "401": {
            "description": "Ошибка авторизации",
            "content": {
              "text/plain": {
                "schema": {
                  "$ref": "#/components/schemas/ProblemDetails"
                }
              },
              "application/json": {
                "schema": {
                  "$ref": "#/components/schemas/ProblemDetails"
                }
              },
              "text/json": {
                "schema": {
                  "$ref": "#/components/schemas/ProblemDetails"
                }
              }
            }
          },
          "500": {
            "description": "Внутренняя ошибка сервера"
          }
        }
      }
    },
    "/api/v3/auth/RequestToken": {
      "post": {
        "tags": [
          "RequestToken"
        ],
        "summary": "Получение токена методом POST",
        "operationId": "RequestToken",
        "requestBody": {
          "description": "JSON объект {username, password}",
          "content": {
            "application/json-patch+json": {
              "schema": {
                "allOf": [
                  {
                    "$ref": "#/components/schemas/AuthRequest"
                  }
                ]
              }
            },
            "application/json": {
              "schema": {
                "allOf": [
                  {
                    "$ref": "#/components/schemas/AuthRequest"
                  }
                ]
              }
            },
            "text/json": {
              "schema": {
                "allOf": [
                  {
                    "$ref": "#/components/schemas/AuthRequest"
                  }
                ]
              }
            },
            "application/*+json": {
              "schema": {
                "allOf": [
                  {
                    "$ref": "#/components/schemas/AuthRequest"
                  }
                ]
              }
            }
          }
        },
        "responses": {
          "200": {
            "description": "Возвращает токен авторизации",
            "content": {
              "text/plain": {
                "schema": {
                  "type": "string"
                }
              },
              "application/json": {
                "schema": {
                  "type": "string"
                }
              },
              "text/json": {
                "schema": {
                  "type": "string"
                }
              }
            }
          },
          "400": {
            "description": "Некорректный запрос",
            "content": {
              "text/plain": {
                "schema": {
                  "$ref": "#/components/schemas/ProblemDetails"
                }
              },
              "application/json": {
                "schema": {
                  "$ref": "#/components/schemas/ProblemDetails"
                }
              },
              "text/json": {
                "schema": {
                  "$ref": "#/components/schemas/ProblemDetails"
                }
              }
            }
          },
          "401": {
            "description": "Ошибка авторизации",
            "content": {
              "text/plain": {
                "schema": {
                  "$ref": "#/components/schemas/ProblemDetails"
                }
              },
              "application/json": {
                "schema": {
                  "$ref": "#/components/schemas/ProblemDetails"
                }
              },
              "text/json": {
                "schema": {
                  "$ref": "#/components/schemas/ProblemDetails"
                }
              }
            }
          },
          "500": {
            "description": "Внутренняя ошибка обработки"
          }
        }
      }
    },
    "/api/v3/auth/ValidateToken": {
      "post": {
        "tags": [
          "RequestToken"
        ],
        "summary": "Проверка токена путем установления соединения методом POST",
        "operationId": "ValidateToken",
        "requestBody": {
          "content": {
            "application/json-patch+json": {
              "schema": {
                "allOf": [
                  {
                    "$ref": "#/components/schemas/StringApiBaseRequest"
                  }
                ]
              }
            },
            "application/json": {
              "schema": {
                "allOf": [
                  {
                    "$ref": "#/components/schemas/StringApiBaseRequest"
                  }
                ]
              }
            },
            "text/json": {
              "schema": {
                "allOf": [
                  {
                    "$ref": "#/components/schemas/StringApiBaseRequest"
                  }
                ]
              }
            },
            "application/*+json": {
              "schema": {
                "allOf": [
                  {
                    "$ref": "#/components/schemas/StringApiBaseRequest"
                  }
                ]
              }
            }
          }
        },
        "responses": {
          "200": {
            "description": "Возвращает результат валидации токена",
            "content": {
              "text/plain": {
                "schema": {
                  "type": "boolean"
                }
              },
              "application/json": {
                "schema": {
                  "type": "boolean"
                }
              },
              "text/json": {
                "schema": {
                  "type": "boolean"
                }
              }
            }
          },
          "400": {
            "description": "Некорректный запрос",
            "content": {
              "text/plain": {
                "schema": {
                  "$ref": "#/components/schemas/ProblemDetails"
                }
              },
              "application/json": {
                "schema": {
                  "$ref": "#/components/schemas/ProblemDetails"
                }
              },
              "text/json": {
                "schema": {
                  "$ref": "#/components/schemas/ProblemDetails"
                }
              }
            }
          },
          "401": {
            "description": "Ошибка авторизации",
            "content": {
              "text/plain": {
                "schema": {
                  "$ref": "#/components/schemas/ProblemDetails"
                }
              },
              "application/json": {
                "schema": {
                  "$ref": "#/components/schemas/ProblemDetails"
                }
              },
              "text/json": {
                "schema": {
                  "$ref": "#/components/schemas/ProblemDetails"
                }
              }
            }
          },
          "500": {
            "description": "Внутренняя ошибка обработки"
          }
        }
      }
    },
    "/api/v3/auth/ValidateToken2": {
      "get": {
        "tags": [
          "RequestToken"
        ],
        "summary": "Проверка токена путем установления соединения методом GET",
        "operationId": "ValidateToken2",
        "parameters": [
          {
            "name": "token",
            "in": "query",
            "description": "Токен",
            "schema": {
              "type": "string"
            }
          }
        ],
        "responses": {
          "200": {
            "description": "Возвращает результат валидации токена",
            "content": {
              "text/plain": {
                "schema": {
                  "type": "boolean"
                }
              },
              "application/json": {
                "schema": {
                  "type": "boolean"
                }
              },
              "text/json": {
                "schema": {
                  "type": "boolean"
                }
              }
            }
          },
          "400": {
            "description": "Некорректный запрос",
            "content": {
              "text/plain": {
                "schema": {
                  "$ref": "#/components/schemas/ProblemDetails"
                }
              },
              "application/json": {
                "schema": {
                  "$ref": "#/components/schemas/ProblemDetails"
                }
              },
              "text/json": {
                "schema": {
                  "$ref": "#/components/schemas/ProblemDetails"
                }
              }
            }
          },
          "401": {
            "description": "Ошибка авторизации",
            "content": {
              "text/plain": {
                "schema": {
                  "$ref": "#/components/schemas/ProblemDetails"
                }
              },
              "application/json": {
                "schema": {
                  "$ref": "#/components/schemas/ProblemDetails"
                }
              },
              "text/json": {
                "schema": {
                  "$ref": "#/components/schemas/ProblemDetails"
                }
              }
            }
          },
          "500": {
            "description": "Внутренняя ошибка обработки"
          }
        }
      }
    },
    "/api/v3/Uber/partners": {
      "get": {
        "tags": [
          "Uber"
        ],
        "summary": "Получение полного списка партнеров с набором полей \"Книжный убер\"",
        "operationId": "partners",
        "responses": {
          "200": {
            "description": "Коллекция партнеров с базовым набором полей",
            "content": {
              "application/json": {
                "schema": {
                  "type": "array",
                  "items": {
                    "$ref": "#/components/schemas/DTOUberInfo"
                  }
                }
              }
            }
          },
          "400": {
            "description": "Некорректный запрос",
            "content": {
              "text/plain": {
                "schema": {
                  "$ref": "#/components/schemas/ProblemDetails"
                }
              },
              "application/json": {
                "schema": {
                  "$ref": "#/components/schemas/ProblemDetails"
                }
              },
              "text/json": {
                "schema": {
                  "$ref": "#/components/schemas/ProblemDetails"
                }
              }
            }
          },
          "401": {
            "description": "Ошибка авторизации",
            "content": {
              "text/plain": {
                "schema": {
                  "$ref": "#/components/schemas/ProblemDetails"
                }
              },
              "application/json": {
                "schema": {
                  "$ref": "#/components/schemas/ProblemDetails"
                }
              },
              "text/json": {
                "schema": {
                  "$ref": "#/components/schemas/ProblemDetails"
                }
              }
            }
          },
          "500": {
            "description": "Внутренняя ошибка сервера"
          }
        }
      }
    },
    "/api/v3/Uber/positions": {
      "post": {
        "tags": [
          "Uber"
        ],
        "summary": "Получение информации из чеков uber-друга",
        "operationId": "positions",
        "requestBody": {
          "content": {
            "application/json-patch+json": {
              "schema": {
                "allOf": [
                  {
                    "$ref": "#/components/schemas/PositionsRequest"
                  }
                ]
              }
            },
            "application/json": {
              "schema": {
                "allOf": [
                  {
                    "$ref": "#/components/schemas/PositionsRequest"
                  }
                ]
              }
            },
            "text/json": {
              "schema": {
                "allOf": [
                  {
                    "$ref": "#/components/schemas/PositionsRequest"
                  }
                ]
              }
            },
            "application/*+json": {
              "schema": {
                "allOf": [
                  {
                    "$ref": "#/components/schemas/PositionsRequest"
                  }
                ]
              }
            }
          }
        },
        "responses": {
          "200": {
            "description": "Коллекция чековых позиций uber-друга",
            "content": {
              "application/json": {
                "schema": {
                  "type": "array",
                  "items": {
                    "$ref": "#/components/schemas/DTOUberPosition"
                  }
                }
              }
            }
          },
          "400": {
            "description": "Некорректный запрос",
            "content": {
              "text/plain": {
                "schema": {
                  "$ref": "#/components/schemas/ProblemDetails"
                }
              },
              "application/json": {
                "schema": {
                  "$ref": "#/components/schemas/ProblemDetails"
                }
              },
              "text/json": {
                "schema": {
                  "$ref": "#/components/schemas/ProblemDetails"
                }
              }
            }
          },
          "401": {
            "description": "Ошибка авторизации",
            "content": {
              "text/plain": {
                "schema": {
                  "$ref": "#/components/schemas/ProblemDetails"
                }
              },
              "application/json": {
                "schema": {
                  "$ref": "#/components/schemas/ProblemDetails"
                }
              },
              "text/json": {
                "schema": {
                  "$ref": "#/components/schemas/ProblemDetails"
                }
              }
            }
          },
          "500": {
            "description": "Внутренняя ошибка сервера"
          }
        }
      }
    }
  },
  "components": {
    "schemas": {
      "AuthRequest": {
        "type": "object",
        "properties": {
          "username": {
            "type": "string",
            "nullable": true
          },
          "password": {
            "type": "string",
            "nullable": true
          }
        },
        "additionalProperties": false
      },
      "DTOAddressStorageType": {
        "type": "object",
        "properties": {
          "Id": {
            "type": "integer",
            "description": "ID транспортной компании",
            "format": "int32"
          },
          "Name": {
            "type": "string",
            "description": "ID транспортной компании",
            "nullable": true
          }
        },
        "additionalProperties": false,
        "description": "Тип адресного хранения"
      },
      "DTOBranch": {
        "type": "object",
        "properties": {
          "Id": {
            "type": "integer",
            "description": "ID филиала",
            "format": "int32"
          },
          "Name": {
            "type": "string",
            "description": "Название филиала",
            "nullable": true
          }
        },
        "additionalProperties": false,
        "description": "Филиал"
      },
      "DTOBranchDetail": {
        "type": "object",
        "properties": {
          "PartnerId": {
            "type": "integer",
            "description": "ID партнера",
            "format": "int32"
          },
          "PartnerName": {
            "type": "string",
            "description": "Название магазина",
            "nullable": true
          },
          "TypeId": {
            "type": "integer",
            "description": "ID типа партнера",
            "format": "int32"
          }
        },
        "additionalProperties": false,
        "description": "Магазин филиала"
      },
      "DTOBranchInfo": {
        "type": "object",
        "properties": {
          "Id": {
            "type": "integer",
            "description": "Id филиала",
            "format": "int32"
          },
          "Name": {
            "type": "string",
            "description": "Название филиала",
            "nullable": true
          },
          "Partners": {
            "type": "array",
            "items": {
              "$ref": "#/components/schemas/DTOBranchDetail"
            },
            "description": "Магазины под управлением филиала",
            "nullable": true
          }
        },
        "additionalProperties": false,
        "description": "Филиал"
      },
      "DTOCashSoftware": {
        "type": "object",
        "properties": {
          "Id": {
            "type": "integer",
            "description": "ID кассовой программы",
            "format": "int32"
          },
          "Name": {
            "type": "string",
            "description": "Название кассовой программы",
            "nullable": true
          },
          "SetRetailStartDate": {
            "type": "string",
            "description": "Дата перехода на CSI SetRetail",
            "format": "date-time",
            "nullable": true
          }
        },
        "additionalProperties": false,
        "description": "Кассовая программа"
      },
      "DTOCompany": {
        "type": "object",
        "properties": {
          "Id": {
            "type": "integer",
            "description": "ID юр. лица",
            "format": "int32",
            "nullable": true
          },
          "IsActive": {
            "type": "boolean",
            "description": "Активность",
            "nullable": true
          },
          "ShortName": {
            "type": "string",
            "description": "Короткое наименование",
            "nullable": true
          },
          "FullName": {
            "type": "string",
            "description": "Полное наименование",
            "nullable": true
          },
          "LargeName": {
            "type": "string",
            "description": "Длинное наименование",
            "nullable": true
          },
          "Abbrev": {
            "type": "string",
            "description": "Аббревиатура",
            "nullable": true
          },
          "Name1C": {
            "type": "string",
            "description": "Имя в 1С",
            "nullable": true
          },
          "Phone": {
            "type": "string",
            "description": "Телефон",
            "nullable": true
          },
          "Email": {
            "type": "string",
            "description": "Email",
            "nullable": true
          },
          "Address": {
            "type": "string",
            "description": "Фактический адрес",
            "nullable": true
          },
          "LegalAddress": {
            "type": "string",
            "description": "Юридический адрес",
            "nullable": true
          },
          "PostAddress": {
            "type": "string",
            "description": "Почтовый адрес",
            "nullable": true
          },
          "Director": {
            "type": "string",
            "description": "ФИО директора",
            "nullable": true
          },
          "СhiefAccountant": {
            "type": "string",
            "description": "ФИО главного бухгалтера",
            "nullable": true
          },
          "INN": {
            "type": "string",
            "description": "ИНН",
            "nullable": true
          },
          "OKPO": {
            "type": "string",
            "description": "ОКПО",
            "nullable": true
          },
          "OGRN": {
            "type": "string",
            "description": "ОГРН",
            "nullable": true
          },
          "KPP": {
            "type": "string",
            "description": "КПП",
            "nullable": true
          },
          "OKVED": {
            "type": "string",
            "description": "ОКВЕД",
            "nullable": true
          },
          "IsENVD": {
            "type": "boolean",
            "description": "Признак ЕНВД",
            "nullable": true
          },
          "OwnershipForm": {
            "allOf": [
              {
                "$ref": "#/components/schemas/DTOOwnershipForm"
              }
            ],
            "description": "Форма собственности",
            "nullable": true
          },
          "DogovorComiss": {
            "type": "string",
            "description": "Номер договора комиссии",
            "nullable": true
          },
          "IsORS": {
            "type": "boolean",
            "description": "Признак ОРС",
            "nullable": true
          },
          "BankAccounts": {
            "type": "array",
            "items": {
              "$ref": "#/components/schemas/DTOCompanyBankDetail"
            },
            "description": "Банковские счета",
            "nullable": true
          }
        },
        "additionalProperties": false,
        "description": "Принадлежность к юр лицу"
      },
      "DTOCompanyBankDetail": {
        "type": "object",
        "properties": {
          "Id": {
            "type": "integer",
            "description": "Id",
            "format": "int32",
            "nullable": true
          },
          "BankName": {
            "type": "string",
            "description": "Название банка",
            "nullable": true
          },
          "CorrespondingAccount": {
            "type": "string",
            "description": "Корр. счет",
            "nullable": true
          },
          "BankAccount": {
            "type": "string",
            "description": "Рассчетный счет",
            "nullable": true
          },
          "BIC": {
            "type": "string",
            "description": "БИК",
            "nullable": true
          },
          "UseForInvoice": {
            "type": "boolean",
            "description": "Использовать для выписки счетов",
            "nullable": true
          }
        },
        "additionalProperties": false,
        "description": "Банковские реквизиты"
      },
      "DTOContractor": {
        "type": "object",
        "properties": {
          "Id": {
            "type": "integer",
            "description": "Id подрядчика",
            "format": "int32"
          },
          "Name": {
            "type": "string",
            "description": "Название подрядчика",
            "nullable": true
          },
          "Jobs": {
            "type": "array",
            "items": {
              "$ref": "#/components/schemas/DTOJob"
            },
            "description": "Виды работ",
            "nullable": true
          }
        },
        "additionalProperties": false,
        "description": "Организация-подрядчик"
      },
      "DTOCounts": {
        "type": "object",
        "properties": {
          "Source": {
            "allOf": [
              {
                "$ref": "#/components/schemas/DTORef"
              }
            ],
            "description": "Камера - источник данных",
            "nullable": true
          },
          "MinValue": {
            "type": "integer",
            "description": "Минимальное количество",
            "format": "int32",
            "nullable": true
          },
          "IncInDynamicReport": {
            "type": "boolean",
            "description": "Включать в отчет по динамике",
            "nullable": true
          },
          "IncInImport": {
            "type": "boolean",
            "description": "Включать в импорт счетчиков",
            "nullable": true
          }
        },
        "additionalProperties": false,
        "description": "Контроль посетителей"
      },
      "DTOEmail": {
        "type": "object",
        "properties": {
          "PartnerId": {
            "type": "integer",
            "description": "ID партнера",
            "format": "int32"
          },
          "Email": {
            "type": "string",
            "description": "Email-адрес",
            "nullable": true
          },
          "User": {
            "type": "string",
            "description": "Пользователь, выполняющий операцию",
            "nullable": true
          }
        },
        "additionalProperties": false,
        "description": "Параметры изменения email-адреса магазина"
      },
      "DTOInterShopData": {
        "type": "object",
        "properties": {
          "Abbrev": {
            "type": "string",
            "description": "Аббревиатура",
            "nullable": true
          },
          "RegionLabel": {
            "allOf": [
              {
                "$ref": "#/components/schemas/DTORef"
              }
            ],
            "description": "Ярлык для ОПТ",
            "nullable": true
          },
          "ProtectedType": {
            "allOf": [
              {
                "$ref": "#/components/schemas/DTORef"
              }
            ],
            "description": "Тип защиты",
            "nullable": true
          },
          "IsSortByTbk": {
            "type": "boolean",
            "description": "Сортировка по ТБК",
            "nullable": true
          },
          "UseQRCode": {
            "type": "boolean",
            "description": "Использовать QR-код",
            "nullable": true
          }
        },
        "additionalProperties": false,
        "description": "ОПТ и ИМ"
      },
      "DTOJob": {
        "type": "object",
        "properties": {
          "Id": {
            "type": "integer",
            "description": "Id вида работ",
            "format": "int32"
          },
          "Name": {
            "type": "string",
            "description": "Название вида работ",
            "nullable": true
          }
        },
        "additionalProperties": false,
        "description": "Вид работы"
      },
      "DTOLocation": {
        "type": "object",
        "properties": {
          "PostalCode": {
            "type": "string",
            "description": "Почтовый индекс",
            "nullable": true
          },
          "Address": {
            "type": "string",
            "description": "Адрес",
            "nullable": true
          },
          "District": {
            "allOf": [
              {
                "$ref": "#/components/schemas/DTORef"
              }
            ],
            "description": "Федеральный округ",
            "nullable": true
          },
          "Region": {
            "allOf": [
              {
                "$ref": "#/components/schemas/DTORef"
              }
            ],
            "description": "Регион  (не используется?)",
            "nullable": true
          },
          "Metacity": {
            "allOf": [
              {
                "$ref": "#/components/schemas/DTORef"
              }
            ],
            "description": "Областной центр",
            "nullable": true
          },
          "Metro": {
            "allOf": [
              {
                "$ref": "#/components/schemas/DTORef"
              }
            ],
            "description": "Станция метро",
            "nullable": true
          },
          "Placing": {
            "allOf": [
              {
                "$ref": "#/components/schemas/DTORef"
              }
            ],
            "description": "Признак ТЦ",
            "nullable": true
          },
          "TimeZone": {
            "type": "integer",
            "description": "Географическая временная зона",
            "format": "int32",
            "nullable": true
          },
          "Longitude": {
            "type": "number",
            "description": "Координаты (долгота)",
            "format": "double",
            "nullable": true
          },
          "Latitude": {
            "type": "number",
            "description": "Координаты (широта)",
            "format": "double",
            "nullable": true
          },
          "FloorSpace": {
            "type": "integer",
            "description": "Площадь помещения",
            "format": "int32",
            "nullable": true
          },
          "TradeSpace": {
            "type": "integer",
            "description": "Торговая площадь помещения",
            "format": "int32",
            "nullable": true
          },
          "BrandStoreAddress": {
            "type": "string",
            "description": "Адрес склада",
            "nullable": true
          },
          "TradeCenter": {
            "type": "string",
            "description": "Торговый центр",
            "nullable": true
          },
          "TradeCenterFloor": {
            "type": "string",
            "description": "Этаж торгового центра",
            "nullable": true
          },
          "Storeys": {
            "type": "integer",
            "description": "Этаж торгового центра",
            "format": "int32"
          }
        },
        "additionalProperties": false,
        "description": "Географическое положение"
      },
      "DTOMarking": {
        "type": "object",
        "properties": {
          "Brand": {
            "allOf": [
              {
                "$ref": "#/components/schemas/DTORef"
              }
            ],
            "description": "Бренд",
            "nullable": true
          },
          "PriceCoeff": {
            "type": "number",
            "description": "Ценовой коэффициент наценки\"",
            "format": "float",
            "nullable": true
          },
          "IsRegion": {
            "type": "boolean",
            "description": "\"Признак региона",
            "nullable": true
          },
          "IsGogolMogol": {
            "type": "boolean",
            "description": "Признак Гоголь-моголь",
            "nullable": true
          }
        },
        "additionalProperties": false,
        "description": "Маркировка"
      },
      "DTOMetacity": {
        "type": "object",
        "properties": {
          "Id": {
            "type": "integer",
            "description": "Id",
            "format": "int32"
          },
          "Name": {
            "type": "string",
            "description": "Название",
            "nullable": true
          }
        },
        "additionalProperties": false,
        "description": "Город - районный центр"
      },
      "DTOOpeningHours": {
        "type": "object",
        "properties": {
          "WeekdayId": {
            "type": "integer",
            "description": "Номер дня недели ( 1 - ПН)",
            "format": "int32",
            "nullable": true
          },
          "WeekdayName": {
            "type": "string",
            "description": "Название дня недели",
            "nullable": true
          },
          "WorkBegin": {
            "type": "string",
            "description": "Время начала работы",
            "format": "time-span",
            "nullable": true
          },
          "WorkEnd": {
            "type": "string",
            "description": "Время окончания работы",
            "format": "time-span",
            "nullable": true
          }
        },
        "additionalProperties": false,
        "description": "Часы работы"
      },
      "DTOOwnershipForm": {
        "type": "object",
        "properties": {
          "Id": {
            "type": "integer",
            "description": "Id формы собственности",
            "format": "int32",
            "nullable": true
          },
          "ShortName": {
            "type": "string",
            "description": "Сокращенное наименование",
            "nullable": true
          },
          "FullName": {
            "type": "string",
            "description": "Полное наименование",
            "nullable": true
          }
        },
        "additionalProperties": false,
        "description": "Форма собственности"
      },
      "DTOPartner": {
        "type": "object",
        "properties": {
          "PtId": {
            "type": "integer",
            "description": "ID партнера",
            "format": "int32"
          },
          "SourceId": {
            "type": "integer",
            "description": "ID источника",
            "format": "int32"
          },
          "PartnerName": {
            "type": "string",
            "description": "Наименование полное",
            "nullable": true
          },
          "PartnerShortName": {
            "type": "string",
            "description": "Наименование короткое",
            "nullable": true
          },
          "Brand": {
            "type": "string",
            "description": "Бренд (сеть)",
            "nullable": true
          },
          "BrandExtId": {
            "type": "integer",
            "description": "Бренд Id(расширение)",
            "format": "int32"
          },
          "BrandExtName": {
            "type": "string",
            "description": "Бренд (расширение)",
            "nullable": true
          },
          "Address": {
            "type": "string",
            "description": "Address",
            "nullable": true
          },
          "Email": {
            "type": "string",
            "description": "Почта",
            "nullable": true
          },
          "Phone": {
            "type": "string",
            "description": "Телефон",
            "nullable": true
          },
          "OpenDate": {
            "type": "string",
            "description": "Дата открытия",
            "format": "date-time",
            "nullable": true
          },
          "CloseDate": {
            "type": "string",
            "description": "Дата закрытия",
            "format": "date-time",
            "nullable": true
          },
          "DateTransportStop": {
            "type": "string",
            "description": "Дата прекращения отрузки",
            "format": "date-time",
            "nullable": true
          },
          "Closed": {
            "type": "boolean",
            "description": "Признак закрытого магазина"
          },
          "IsInUse": {
            "type": "boolean",
            "description": "Признак работающего магазина",
            "nullable": true
          },
          "PartnerTypeId": {
            "type": "integer",
            "description": "ID типа партнера",
            "format": "int32"
          },
          "PartnerTypeName": {
            "type": "string",
            "description": "Наименование типа партнера",
            "nullable": true
          },
          "BranchId": {
            "type": "integer",
            "description": "ID филиала",
            "format": "int32"
          },
          "BranchName": {
            "type": "string",
            "description": "Название филиала",
            "nullable": true
          },
          "RegSwaggerSchemaId": {
            "type": "integer",
            "description": "ID региона",
            "format": "int32",
            "nullable": true
          },
          "RegSwaggerSchemaName": {
            "type": "string",
            "description": "Наименование региона",
            "nullable": true
          },
          "IsLoyaltyPrice": {
            "type": "boolean",
            "description": "Участие в программе Цены для лояльных"
          },
          "GroupId": {
            "type": "integer",
            "description": "Для групп спец.цен в расширенной информации по партнеру предусмотрена коллекция.  Это поле оставлено временно для совместимости (использует А.Аракчеев)\r\nЗдесь возвращается наиболее приоритетный элемент коллекции.\r\nКогда Аракчеев переключится на другое поле, это поле надо вывести из эксплуатации.",
            "format": "int32",
            "nullable": true
          },
          "GroupName": {
            "type": "string",
            "description": "Наименование группы спец.цен",
            "nullable": true
          },
          "RegionId": {
            "type": "integer",
            "description": "ID региона",
            "format": "int32",
            "nullable": true
          },
          "RegionName": {
            "type": "string",
            "description": "Наименование региона",
            "nullable": true
          },
          "MetacityId": {
            "type": "integer",
            "description": "ID города",
            "format": "int32",
            "nullable": true
          },
          "MetacityName": {
            "type": "string",
            "description": "Название города",
            "nullable": true
          },
          "CompanyId": {
            "type": "integer",
            "description": "ID юр. лица",
            "format": "int32",
            "nullable": true
          },
          "CompanyName": {
            "type": "string",
            "description": "Наименование юр. лица",
            "nullable": true
          },
          "DistrictId": {
            "type": "integer",
            "description": "ID федерального округа",
            "format": "int32",
            "nullable": true
          },
          "DistrictName": {
            "type": "string",
            "description": "Наименование федерального округа",
            "nullable": true
          },
          "PriceCoeff": {
            "type": "number",
            "description": "Ценовой коэффициент",
            "format": "float",
            "nullable": true
          },
          "Abbrev": {
            "type": "string",
            "description": "Аббревиатура",
            "nullable": true
          },
          "TimeZone": {
            "type": "integer",
            "description": "Географическая временная зона",
            "format": "int32",
            "nullable": true
          },
          "CashSoftwareId": {
            "type": "integer",
            "description": "ID кассовой программы",
            "format": "int32"
          },
          "CashSoftwareName": {
            "type": "string",
            "description": "Название кассовой программы",
            "nullable": true
          },
          "SetRetailStartDate": {
            "type": "string",
            "description": "Дата перехода на CSI SetRetail",
            "format": "date-time",
            "nullable": true
          }
        },
        "additionalProperties": false,
        "description": "Базовая информация о партнере"
      },
      "DTOPartnerFullInfo": {
        "type": "object",
        "properties": {
          "PtId": {
            "type": "integer",
            "description": "ID партнера",
            "format": "int32",
            "nullable": true
          },
          "PartnerName": {
            "type": "string",
            "description": "Наименование полное",
            "nullable": true
          },
          "PartnerShortName": {
            "type": "string",
            "description": "Наименование короткое",
            "nullable": true
          },
          "Email": {
            "type": "string",
            "description": "Почта",
            "nullable": true
          },
          "Phone": {
            "type": "string",
            "description": "Телефон",
            "nullable": true
          },
          "Source": {
            "allOf": [
              {
                "$ref": "#/components/schemas/DTORef"
              }
            ],
            "description": "Сеть - источник",
            "nullable": true
          },
          "PartnerType": {
            "allOf": [
              {
                "$ref": "#/components/schemas/DTORef"
              }
            ],
            "description": "Tип партнера",
            "nullable": true
          },
          "Branch": {
            "allOf": [
              {
                "$ref": "#/components/schemas/DTOBranch"
              }
            ],
            "description": "Филиал",
            "nullable": true
          },
          "SpecialPriceGroups": {
            "type": "array",
            "items": {
              "$ref": "#/components/schemas/DTOSpecialPriceGroup"
            },
            "description": "Группа спец. цен",
            "nullable": true
          },
          "WorkPeriod": {
            "allOf": [
              {
                "$ref": "#/components/schemas/DTOWorkPeriod"
              }
            ],
            "description": "Календарный период работы",
            "nullable": true
          },
          "OpeningHours": {
            "type": "array",
            "items": {
              "$ref": "#/components/schemas/DTOOpeningHours"
            },
            "description": "Часы работы",
            "nullable": true
          },
          "Location": {
            "allOf": [
              {
                "$ref": "#/components/schemas/DTOLocation"
              }
            ],
            "description": "Географическое положение",
            "nullable": true
          },
          "Company": {
            "allOf": [
              {
                "$ref": "#/components/schemas/DTOCompany"
              }
            ],
            "description": "Принадлежность к юр лицу",
            "nullable": true
          },
          "Marking": {
            "allOf": [
              {
                "$ref": "#/components/schemas/DTOMarking"
              }
            ],
            "description": "Маркировка",
            "nullable": true
          },
          "InterShopData": {
            "allOf": [
              {
                "$ref": "#/components/schemas/DTOInterShopData"
              }
            ],
            "description": "ОПТ и ИМ",
            "nullable": true
          },
          "RMData": {
            "allOf": [
              {
                "$ref": "#/components/schemas/DTORMData"
              }
            ],
            "description": "Параметры РМ",
            "nullable": true
          },
          "Counts": {
            "allOf": [
              {
                "$ref": "#/components/schemas/DTOCounts"
              }
            ],
            "description": "Контроль посетителей",
            "nullable": true
          },
          "DrivingScheme": {
            "type": "string",
            "description": "Схема проезда",
            "nullable": true
          },
          "Shipping": {
            "allOf": [
              {
                "$ref": "#/components/schemas/DTOShipping"
              }
            ],
            "description": "Отгрузка и доставка ИЗ",
            "nullable": true
          },
          "CashSoftware": {
            "allOf": [
              {
                "$ref": "#/components/schemas/DTOCashSoftware"
              }
            ],
            "description": "Кассовая программа",
            "nullable": true
          },
          "AddressStorageType": {
            "allOf": [
              {
                "$ref": "#/components/schemas/DTOAddressStorageType"
              }
            ],
            "description": "Тип адресного хранения",
            "nullable": true
          },
          "Contractors": {
            "type": "array",
            "items": {
              "$ref": "#/components/schemas/DTOContractor"
            },
            "description": "Подрядные организации",
            "nullable": true
          }
        },
        "additionalProperties": false,
        "description": "Развернутая информация о партнере"
      },
      "DTOPartnerGroup": {
        "type": "object",
        "properties": {
          "PgCode": {
            "type": "integer",
            "description": "Код группы партнеров",
            "format": "int32"
          },
          "PgName": {
            "type": "string",
            "description": "Название группы (город)",
            "nullable": true
          },
          "PgOrder": {
            "type": "integer",
            "description": "Порядок сортировки",
            "format": "int32"
          },
          "PgcPriority": {
            "type": "integer",
            "description": "Приоритет",
            "format": "int32"
          }
        },
        "additionalProperties": false,
        "description": "Группа спец.цен"
      },
      "DTOProductPrice": {
        "type": "object",
        "properties": {
          "Price": {
            "type": "integer",
            "description": "Цена",
            "format": "int32"
          },
          "Title": {
            "type": "string",
            "description": "Наименование товара",
            "nullable": true
          }
        },
        "additionalProperties": false,
        "description": "Актуальная цена"
      },
      "DTOProductPriceAndSales": {
        "type": "object",
        "properties": {
          "Price": {
            "type": "integer",
            "description": "Цена",
            "format": "int32"
          },
          "LoyalPrice": {
            "type": "integer",
            "description": "Цена по карте",
            "format": "int32"
          },
          "TotalSales": {
            "type": "integer",
            "description": "Продажи",
            "format": "int32"
          },
          "Title": {
            "type": "string",
            "description": "Наименование товара",
            "nullable": true
          }
        },
        "additionalProperties": false,
        "description": "Актуальная цена и продажи"
      },
      "DTORMData": {
        "type": "object",
        "properties": {
          "Name1C": {
            "type": "string",
            "description": "Имя в 1С",
            "nullable": true
          },
          "KPP": {
            "type": "string",
            "description": "КПП",
            "nullable": true
          },
          "OutletId": {
            "type": "string",
            "description": "ID торговой точки в ОФД",
            "nullable": true
          },
          "RegionKoef": {
            "type": "number",
            "description": "Региональный коэффициент",
            "format": "double",
            "nullable": true
          },
          "NordKoef": {
            "type": "number",
            "description": "Северный коэффициент",
            "format": "double",
            "nullable": true
          },
          "IsLoyaltyPrice": {
            "type": "boolean",
            "description": "Участие в программе Цены для лояльных"
          },
          "Category": {
            "type": "integer",
            "description": "Категория магазина",
            "format": "int32",
            "nullable": true
          }
        },
        "additionalProperties": false,
        "description": "Параметры РМ"
      },
      "DTORef": {
        "type": "object",
        "properties": {
          "Id": {
            "type": "integer",
            "description": "ID",
            "format": "int32",
            "nullable": true
          },
          "Name": {
            "type": "string",
            "description": "Наименование",
            "nullable": true
          }
        },
        "additionalProperties": false
      },
      "DTOShipmentTiming": {
        "type": "object",
        "properties": {
          "WeekdayId": {
            "type": "integer",
            "description": "Номер дня недели (пн - 1, вс - 7)",
            "format": "int32"
          },
          "WeekdayName": {
            "type": "string",
            "description": "Название дня недели",
            "nullable": true
          },
          "Timing": {
            "type": "integer",
            "description": "Срок доствки в днях",
            "format": "int32"
          }
        },
        "additionalProperties": false,
        "description": "График отгрузок с указанием сроков доставки по дням недели"
      },
      "DTOShipping": {
        "type": "object",
        "properties": {
          "TransportCompanyId": {
            "type": "integer",
            "description": "ID транспортной компании",
            "format": "int32"
          },
          "TransportCompanyName": {
            "type": "string",
            "description": "Название транспортной компании",
            "nullable": true
          },
          "IsLoadingByTC": {
            "type": "boolean",
            "description": "Признак \"Погрузка силами ТК\""
          },
          "IsReserveUsage": {
            "type": "boolean",
            "description": "Признак \"Возможность резерва\""
          },
          "IsHolidayShipping": {
            "type": "boolean",
            "description": "Признак \"Доставка в выходные и праздничные дни\""
          },
          "IsExpressDelivery": {
            "type": "boolean",
            "description": "Признак \"Экспресс-доставка\""
          },
          "PickingTime": {
            "type": "string",
            "description": "Время комплектации заказов",
            "format": "time-span",
            "nullable": true
          },
          "ShippingTime": {
            "type": "string",
            "description": "Время отгрузки заказов",
            "format": "time-span",
            "nullable": true
          },
          "Timings": {
            "type": "array",
            "items": {
              "$ref": "#/components/schemas/DTOShipmentTiming"
            },
            "description": "График отгрузки интернет заказов со сроками доставки по дням недели",
            "nullable": true
          }
        },
        "additionalProperties": false,
        "description": "Отгрузка и доставка ИЗ"
      },
      "DTOSpecialPriceGroup": {
        "type": "object",
        "properties": {
          "Code": {
            "type": "integer",
            "description": "Код группы",
            "format": "int32"
          },
          "Name": {
            "type": "string",
            "description": "Название группы",
            "nullable": true
          },
          "Order": {
            "type": "integer",
            "description": "Порядковый номер",
            "format": "int32"
          },
          "Priority": {
            "type": "integer",
            "description": "Приоритет",
            "format": "int32"
          }
        },
        "additionalProperties": false,
        "description": "Группы спец.цен"
      },
      "DTOUberInfo": {
        "type": "object",
        "properties": {
          "PtId": {
            "type": "integer",
            "description": "ID партнера",
            "format": "int32"
          },
          "Source": {
            "allOf": [
              {
                "$ref": "#/components/schemas/DTORef"
              }
            ],
            "description": "Сеть - источник",
            "nullable": true
          },
          "PartnerName": {
            "type": "string",
            "description": "Наименование полное",
            "nullable": true
          },
          "PartnerShortName": {
            "type": "string",
            "description": "Наименование короткое",
            "nullable": true
          },
          "Director": {
            "type": "string",
            "description": "ФИО директора",
            "nullable": true
          },
          "Location": {
            "allOf": [
              {
                "$ref": "#/components/schemas/DTOLocation"
              }
            ],
            "description": "Географическое положение",
            "nullable": true
          },
          "OpeningHours": {
            "type": "array",
            "items": {
              "$ref": "#/components/schemas/DTOOpeningHours"
            },
            "description": "Часы работы",
            "nullable": true
          },
          "WorkPeriod": {
            "allOf": [
              {
                "$ref": "#/components/schemas/DTOWorkPeriod"
              }
            ],
            "description": "Календарный период работы",
            "nullable": true
          },
          "VisitorCounters": {
            "allOf": [
              {
                "$ref": "#/components/schemas/DTOVisitorCounters"
              }
            ],
            "description": "Средний трафик магазина по часам",
            "nullable": true
          }
        },
        "additionalProperties": false,
        "description": "Развернутая информация о партнере Книжный убер"
      },
      "DTOUberPosition": {
        "type": "object",
        "additionalProperties": false
      },
      "DTOVisitorCounters": {
        "type": "object",
        "properties": {
          "Counter_8_9": {
            "type": "integer",
            "description": "Трафик с 8 до 9",
            "format": "int32"
          },
          "Counter_9_10": {
            "type": "integer",
            "description": "Трафик с 9 до 10",
            "format": "int32"
          },
          "Counter_10_11": {
            "type": "integer",
            "description": "Трафик с 10 до 11",
            "format": "int32"
          },
          "Counter_11_12": {
            "type": "integer",
            "description": "Трафик с 11 до 12",
            "format": "int32"
          },
          "Counter_12_13": {
            "type": "integer",
            "description": "Трафик с 12 до 13",
            "format": "int32"
          },
          "Counter_13_14": {
            "type": "integer",
            "description": "Трафик с 13 до 14",
            "format": "int32"
          },
          "Counter_14_15": {
            "type": "integer",
            "description": "Трафик с 14 до 15",
            "format": "int32"
          },
          "Counter_15_16": {
            "type": "integer",
            "description": "Трафик с 15 до 16",
            "format": "int32"
          },
          "Counter_16_17": {
            "type": "integer",
            "description": "Трафик с 16 до 17",
            "format": "int32"
          },
          "Counter_17_18": {
            "type": "integer",
            "description": "Трафик с 17 до 18",
            "format": "int32"
          },
          "Counter_18_19": {
            "type": "integer",
            "description": "Трафик с 18 до 19",
            "format": "int32"
          },
          "Counter_19_20": {
            "type": "integer",
            "description": "Трафик с 19 до 20",
            "format": "int32"
          },
          "Counter_20_21": {
            "type": "integer",
            "description": "Трафик с 20 до 21",
            "format": "int32"
          },
          "Counter_21_22": {
            "type": "integer",
            "description": "Трафик с 21 до 22",
            "format": "int32"
          },
          "Counter_22_23": {
            "type": "integer",
            "description": "Трафик с 22 до 23",
            "format": "int32"
          }
        },
        "additionalProperties": false,
        "description": "Средний трафик магазина по часам"
      },
      "DTOWorkPeriod": {
        "type": "object",
        "properties": {
          "DateStartUse": {
            "type": "string",
            "description": "Дата создания",
            "format": "date-time",
            "nullable": true
          },
          "DateOpened": {
            "type": "string",
            "description": "Дата открытия",
            "format": "date-time",
            "nullable": true
          },
          "DateClosed": {
            "type": "string",
            "description": "Дата закрытия",
            "format": "date-time",
            "nullable": true
          },
          "DateEndUse": {
            "type": "string",
            "description": "Дата ликвидации",
            "format": "date-time",
            "nullable": true
          },
          "DateTransportStop": {
            "type": "string",
            "description": "Дата прекращения отрузки",
            "format": "date-time",
            "nullable": true
          },
          "IsClosed": {
            "type": "boolean",
            "description": "Признак закрытого магазина",
            "nullable": true
          },
          "IsInUse": {
            "type": "boolean",
            "description": "Признак работающего магазина",
            "nullable": true
          }
        },
        "additionalProperties": false,
        "description": "Календарный период работы"
      },
      "PositionsRequest": {
        "type": "object",
        "properties": {
          "shop_id": {
            "type": "integer",
            "description": "Id магазина",
            "format": "int32"
          },
          "date_start": {
            "type": "string",
            "description": "Дата начала периода",
            "format": "date-time"
          },
          "date_end": {
            "type": "string",
            "description": "Дата конца периода",
            "format": "date-time"
          },
          "barcodes": {
            "type": "string",
            "description": "Список штрихкодов (Json)",
            "nullable": true
          }
        },
        "additionalProperties": false
      },
      "ProblemDetails": {
        "type": "object",
        "properties": {
          "type": {
            "type": "string",
            "nullable": true
          },
          "title": {
            "type": "string",
            "nullable": true
          },
          "status": {
            "type": "integer",
            "format": "int32",
            "nullable": true
          },
          "detail": {
            "type": "string",
            "nullable": true
          },
          "instance": {
            "type": "string",
            "nullable": true
          }
        },
        "additionalProperties": { }
      },
      "StringApiBaseRequest": {
        "type": "object",
        "properties": {
          "Data": {
            "type": "string",
            "nullable": true
          }
        },
        "additionalProperties": false
      }
    },
    "securitySchemes": {
      "JWT": {
        "type": "http",
        "description": "Введите токен-доступа.",
        "scheme": "Bearer",
        "bearerFormat": "Bearer {your JWT token}"
      },
      "API-Key": {
        "type": "apiKey",
        "description": "Укажите ключ ApiKey в текстовом поле",
        "name": "ApiKey",
        "in": "header"
      }
    }
  },
  "security": [
    {
      "JWT": [ ]
    },
    {
      "API-Key": [ ]
    }
  ],
  "tags": [
    {
      "name": "Uber",
      "description": "Книжный Uber"
    },
    {
      "name": "Ors",
      "description": "Партнеры ОРС"
    },
    {
      "name": "Prices",
      "description": "Цены"
    },
    {
      "name": "RequestToken",
      "description": "Аутентификация и авторизация"
    }
  ]
}